Workbook

Sheet sheet1
A1: 缝纫周生产计划（表头红色字体只有参考不做生产标准） | AY1: 友情提醒：这四列的量只是为了区分生产线左右边不是要安排生产的量 | BK1: 每天更新一次 | BO1: C21开头的布会缩一定要注意 | BQ1: 每天更新一次 | BU1: C21开头的布会缩一定要注意
A3: 客户 | B3: 课别 | C3: 区域 | D3: 日期 Date | J3: 生产线情况 | K3: 生产线类别 | L3: 20220804更新检验人员 | M3: 11小时产量/班（技术的BJ产能） | N3: 20230804更新缝纫人员 | O3: 20220804更新检验人员 | P3: 合计 | Q3: 46239 | S3: 46240 | U3: 46241 | W3: 46242 | Y3: 46243 | AA3: 46244 | AC3: 46245 | AE3: 46246 | AG3: 46247 | AI3: 46248 | AK3: 46249 | AM3: 46250 | AO3: 46251 | AQ3: 46252 | AS3: 46253 | AU3: 46254 | AW3: 46255 | AY3: 46256 | BA3: 46257 | BC3: 46258 | BE3: 实际产能 | BG3: 满箱数量 | BI3: 布 | BJ3: 单耗 | BK3: 切割 | BL3: A级库存量 | BM3: 待成检+待缴库 | BN3: 待上胶 | BQ3: 切割 | BR3: A级库存量 | BS3: 待成检+待缴库 | BT3: 待上胶 | BW3: 给业务最大产量
D4: 年Year:2026 周Week:33 | Q4: 星期三 | S4: 星期四 | U4: 星期五 | W4: 星期六 | Y4: 星期日 | AA4: 星期一 | AC4: 星期二 | AE4: 星期三 | AG4: 星期四 | AI4: 星期五 | AK4: 星期六 | AM4: 星期日 | AO4: 星期一 | AQ4: 星期二 | AS4: 星期三 | AU4: 星期四 | AW4: 星期五 | AY4: 星期六 | BA4: 星期日 | BC4: 星期一 | BH4: 业务出货量 | BO4: 可以生产多少袋子 | BU4: 可以生产多少袋子
D5: 生产线 | E5: 零件号 | F5: 产品名称 | G5: SAP物料号 | H5: 零件名称 | I5: 基布 | Q5: 早 | R5: 夜 | S5: 早 | T5: 夜 | U5: 早 | V5: 夜 | W5: 早 | X5: 夜 | Y5: 早 | Z5: 夜 | AA5: 早 | AB5: 夜 | AC5: 早 | AD5: 夜 | AE5: 早 | AF5: 夜 | AG5: 早 | AH5: 夜 | AI5: 早 | AJ5: 夜 | AK5: 早 | AL5: 夜 | AM5: 早 | AN5: 夜 | AO5: 早 | AP5: 夜 | AQ5: 早 | AR5: 夜 | AS5: 早 | AT5: 夜 | AU5: 早 | AV5: 夜 | AW5: 早 | AX5: 夜 | AY5: 早 | AZ5: 夜 | BA5: 早 | BB5: 夜 | BC5: 早 | BD5: 夜 | BE5: 早 | BF5: 夜
A6: 临港均胜 | B6: 二课 | C6: B1 | D6: S0109 | E6: 155S17BL | F6: =VLOOKUP(E6,[1]库存!$B$1:$C$65536,2,FALSE) -> B311 SAB LH （埃） | G6: 000000008000002759 | H6: B311 SAB LH （埃） | I6: P31131 H41132 P40431 H22411 | J6: 20260104业务通知不备货 | L6: 2 | M6: 1700 | N6: 10 | O6: 2 | P6: =SUM(AG6:AJ6) -> 0 | BI6: 0 | BJ6: 0 | BK6: 0 | BL6: 0 | BM6: 0 | BN6: 0 | BQ6: 0 | BR6: 0 | BS6: 0 | BT6: 0
A7: 0 | B7: 0 | C7: 0 | F7: =VLOOKUP(E7,[1]库存!$B$1:$C$65536,2,FALSE) -> #N/A | G7: #N/A | L7: 0 | M7: 0 | N7: 0 | O7: 0 | P7: =SUM(AG7:AJ7) -> 0 | BI7: 0 | BJ7: 0 | BK7: 0 | BL7: 0 | BM7: 0 | BN7: 0 | BQ7: 0 | BR7: 0 | BS7: 0 | BT7: 0
A8: 临港均胜 | B8: 二课 | C8: B1 | D8: S0109 | E8: 155S17BR | F8: =VLOOKUP(E8,[1]库存!$B$1:$C$65536,2,FALSE) -> B311 SAB RH （埃） | G8: 000000008000002760 | H8: B311 SAB RH （埃） | I8: P31131 H41132 P40431 H22411 | L8: 2 | M8: 1700 | N8: 10 | O8: 2 | P8: =SUM(AG8:AJ8) -> 0 | BI8: 0 | BJ8: 0 | BK8: 0 | BL8: 0 | BM8: 0 | BN8: 0 | BQ8: 0 | BR8: 0 | BS8: 0 | BT8: 0
A9: 0 | B9: 0 | C9: 0 | F9: =VLOOKUP(E9,[1]库存!$B$1:$C$65536,2,FALSE) -> #N/A | G9: #N/A | L9: 0 | M9: 0 | N9: 0 | O9: 0 | P9: =SUM(AG9:AJ9) -> 0 | BI9: 0 | BJ9: 0 | BK9: 0 | BL9: 0 | BM9: 0 | BN9: 0 | BQ9: 0 | BR9: 0 | BS9: 0 | BT9: 0
A10: 0 | B10: 二课 | C10: B1 | D10: S0109 | E10: 147S29L | F10: =VLOOKUP(E10,[1]库存!$B$1:$C$65536,2,FALSE) -> SGM 258 EXT SAB LH | G10: 000000008000001184 | H10: SGM 258 EXT SAB LH | I10: P31131 H22412 P40431 H41132 | J10: 20241024业务EOP调查10月31号开始收尾11月8号收尾完成 | L10: 1.5 | M10: 1550 | N10: 10 | O10: 1.5 | P10: =SUM(AG10:AJ10) -> 0 | BI10: 0 | BJ10: 0 | BK10: 0 | BL10: 0 | BM10: 0 | BN10: 0 | BQ10: 0 | BR10: 0 | BS10: 0 | BT10: 0
A11: 0 | B11: 0 | C11: 0 | F11: =VLOOKUP(E11,[1]库存!$B$1:$C$65536,2,FALSE) -> #N/A | G11: #N/A | L11: 0 | M11: 0 | N11: 0 | O11: 0 | P11: =SUM(AG11:AJ11) -> 0 | BI11: 0 | BJ11: 0 | BK11: 0 | BL11: 0 | BM11: 0 | BN11: 0 | BQ11: 0 | BR11: 0 | BS11: 0 | BT11: 0
A12: 0 | B12: 二课 | C12: B1 | D12: S0109 | E12: 147S29R | F12: =VLOOKUP(E12,[1]库存!$B$1:$C$65536,2,FALSE) -> SGM 258 EXT SAB RH | G12: 000000008000001185 | H12: SGM 258 EXT SAB RH | I12: P31131 H22412 P40431 H41132 | L12: 1.5 | M12: 1550 | N12: 10 | O12: 1.5 | P12: =SUM(AG12:AJ12) -> 0 | BI12: 0 | BJ12: 0 | BK12: 0 | BL12: 0 | BM12: 0 | BN12: 0 | BQ12: 0 | BR12: 0 | BS12: 0 | BT12: 0
A13: 0 | B13: 0 | C13: 0 | F13: =VLOOKUP(E13,[1]库存!$B$1:$C$65536,2,FALSE) -> #N/A | G13: #N/A | L13: 0 | M13: 0 | N13: 0 | O13: 0 | P13: =SUM(AG13:AJ13) -> 0 | BI13: 0 | BJ13: 0 | BK13: 0 | BL13: 0 | BM13: 0 | BN13: 0 | BQ13: 0 | BR13: 0 | BS13: 0 | BT13: 0
A14: 0 | B14: 二课 | C14: B1 | D14: S0109 | E14: 14CS56L | F14: =VLOOKUP(E14,[1]库存!$B$1:$C$65536,2,FALSE) -> SGM 358 SAB LH | G14: 000000008000001190 | H14: SGM 358 SAB LH | I14: P31131 H22411 P40431 | J14: 量少按业务预估 | L14: 2 | M14: 1400 | N14: 13 | O14: 2 | P14: =SUM(AG14:AJ14) -> 0
A15: 0 | B15: 0 | C15: 0 | F15: =VLOOKUP(E15,[1]库存!$B$1:$C$65536,2,FALSE) -> #N/A | G15: #N/A | L15: 0 | M15: 0 | N15: 0 | O15: 0 | P15: =SUM(AG15:AJ15) -> 0
A16: 0 | B16: 二课 | C16: B1 | D16: S0109 | E16: 14CS56R | F16: =VLOOKUP(E16,[1]库存!$B$1:$C$65536,2,FALSE) -> SGM 358 SAB RH | G16: 000000008000001191 | H16: SGM 358 SAB RH | I16: P31131 H22411 P40431 | J16: 量少按业务预估 | L16: 2 | M16: 1400 | N16: 13 | O16: 2 | P16: =SUM(AG16:AJ16) -> 0
A17: 0 | B17: 0 | C17: 0 | F17: =VLOOKUP(E17,[1]库存!$B$1:$C$65536,2,FALSE) -> #N/A | G17: #N/A | L17: 0 | M17: 0 | N17: 0 | O17: 0 | P17: =SUM(AG17:AJ17) -> 0
A18: 临港均胜 | B18: 二课 | C18: B1 | D18: S0109 | E18: 157S22L | F18: =VLOOKUP(E18,[1]库存!$B$1:$C$65536,2,FALSE) -> CHANGAN C202 VAVE SABL | G18: 000000008000001200 | H18: CHANGAN C202 VAVE SABL | I18: P31131 H22411 H41132 | J18: 量少按业务预估 | L18: 2 | M18: 1320 | N18: 12 | O18: 2 | P18: =SUM(AG18:AJ18) -> 0
A19: 0 | B19: 0 | C19: 0 | F19: =VLOOKUP(E19,[1]库存!$B$1:$C$65536,2,FALSE) -> #N/A | G19: #N/A | L19: 0 | M19: 0 | N19: 0 | O19: 0 | P19: =SUM(AG19:AJ19) -> 0
A20: 0 | B20: 二课 | C20: B1 | D20: S0109 | E20: 157S22R | F20: =VLOOKUP(E20,[1]库存!$B$1:$C$65536,2,FALSE) -> CHANGAN C202 VAVE SABR | G20: 000000008000001201 | H20: CHANGAN C202 VAVE SABR | I20: P31131 H22411 H41132 | J20: 量少按业务预估 | L20: 2 | M20: 1320 | N20: 12 | O20: 2 | P20: =SUM(AG20:AJ20) -> 0
A21: 0 | B21: 0 | C21: 0 | F21: =VLOOKUP(E21,[1]库存!$B$1:$C$65536,2,FALSE) -> #N/A | G21: #N/A | L21: 0 | M21: 0 | N21: 0 | O21: 0 | P21: =SUM(AG21:AJ21) -> 0
A22: 0 | B22: 二课 | C22: B1 | D22: S0109 | E22: 124S07L | F22: =VLOOKUP(E22,[1]库存!$B$1:$C$65536,2,FALSE) -> CHANA S101 SAB-LH | G22: 000000008000001047 | H22: CHANA S101 SAB-LH | I22: H31532 H40232 | J22: 售后件 | L22: 2 | M22: 1650 | N22: 6 | O22: 2 | P22: =SUM(AG22:AJ22) -> 0 | BI22: 0 | BJ22: 0 | BK22: 0 | BL22: 0 | BM22: 0 | BN22: 0 | BQ22: 0 | BR22: 0 | BS22: 0 | BT22: 0
A23: 0 | B23: 0 | C23: 0 | F23: =VLOOKUP(E23,[1]库存!$B$1:$C$65536,2,FALSE) -> #N/A | G23: #N/A | L23: 0 | M23: 0 | N23: 0 | O23: 0 | P23: =SUM(AG23:AJ23) -> 0 | BI23: 0 | BJ23: 0 | BK23: 0 | BL23: 0 | BM23: 0 | BN23: 0 | BQ23: 0 | BR23: 0 | BS23: 0 | BT23: 0
A24: 0 | B24: 二课 | C24: B1 | D24: S0109 | E24: 124S07R | F24: =VLOOKUP(E24,[1]库存!$B$1:$C$65536,2,FALSE) -> CHANA S101 SAB-RH | G24: 000000008000001048 | H24: CHANA S101 SAB-RH | I24: H31532 H40232 | J24: 售后件 | L24: 2 | M24: 1650 | N24: 6 | O24: 2 | P24: =SUM(AG24:AJ24) -> 0 | BI24: 0 | BJ24: 0 | BK24: 0 | BL24: 0 | BM24: 0 | BN24: 0 | BQ24: 0 | BR24: 0 | BS24: 0 | BT24: 0
A25: 0 | B25: 0 | C25: 0 | F25: =VLOOKUP(E25,[1]库存!$B$1:$C$65536,2,FALSE) -> #N/A | G25: #N/A | L25: 0 | M25: 0 | N25: 0 | O25: 0 | P25: =SUM(AG25:AJ25) -> 0 | BI25: 0 | BJ25: 0 | BK25: 0 | BL25: 0 | BM25: 0 | BN25: 0 | BQ25: 0 | BR25: 0 | BS25: 0 | BT25: 0
A26: 0 | B26: 二课 | C26: B1 | D26: S0109 | E26: 14AS49L | F26: =VLOOKUP(E26,[1]库存!$B$1:$C$65536,2,FALSE) -> BAIC C51E SAB LH | G26: 000000008000001188 | H26: BAIC C51E SAB LH | I26: P31131 H41132 H21011 | J26: 售后件 | L26: 2 | M26: 1400 | N26: 8 | O26: 2 | P26: =SUM(AG26:AJ26) -> 0 | BI26: 0 | BJ26: 0 | BK26: 0 | BL26: 0 | BM26: 0 | BN26: 0 | BQ26: 0 | BR26: 0 | BS26: 0 | BT26: 0
A27: 0 | B27: 0 | C27: 0 | F27: =VLOOKUP(E27,[1]库存!$B$1:$C$65536,2,FALSE) -> #N/A | G27: #N/A | L27: 0 | M27: 0 | N27: 0 | O27: 0 | P27: =SUM(AG27:AJ27) -> 0 | BI27: 0 | BJ27: 0 | BK27: 0 | BL27: 0 | BM27: 0 | BN27: 0 | BQ27: 0 | BR27: 0 | BS27: 0 | BT27: 0
A28: 0 | B28: 二课 | C28: B1 | D28: S0109 | E28: 14AS49R | F28: =VLOOKUP(E28,[1]库存!$B$1:$C$65536,2,FALSE) -> BAIC C51E SAB RH | G28: 000000008000001189 | H28: BAIC C51E SAB RH | I28: P31131 H41132 H21011 | J28: 售后件 | L28: 2 | M28: 1400 | N28: 8 | O28: 2 | P28: =SUM(AG28:AJ28) -> 0 | BI28: 0 | BJ28: 0 | BK28: 0 | BL28: 0 | BM28: 0 | BN28: 0 | BQ28: 0 | BR28: 0 | BS28: 0 | BT28: 0
A29: 0 | B29: 0 | C29: 0 | F29: =VLOOKUP(E29,[1]库存!$B$1:$C$65536,2,FALSE) -> #N/A | G29: #N/A | L29: 0 | M29: 0 | N29: 0 | O29: 0 | P29: =SUM(AG29:AJ29) -> 0 | BI29: 0 | BJ29: 0 | BK29: 0 | BL29: 0 | BM29: 0 | BN29: 0 | BQ29: 0 | BR29: 0 | BS29: 0 | BT29: 0
A30: 0 | B30: 0 | C30: 0 | F30: =VLOOKUP(E30,[1]库存!$B$1:$C$65536,2,FALSE) -> #N/A | G30: #N/A | L30: 0 | M30: 0 | N30: 0 | O30: 0 | P30: =SUM(AG30:AJ30) -> 0 | BI30: 0 | BJ30: 0 | BK30: 0 | BL30: 0 | BM30: 0 | BN30: 0 | BQ30: 0 | BR30: 0 | BS30: 0 | BT30: 0
A31: 0 | B31: 二课 | C31: B1 | D31: S0108 | E31: 141S01 | F31: =VLOOKUP(E31,[1]库存!$B$1:$C$65536,2,FALSE) -> SVW NMS RSAB | G31: 000000008000001175 | H31: SVW NMS RSAB | I31: P40431 H22411 | L31: 2 | M31: 1200 | N31: 13 | O31: 2 | P31: =SUM(AG31:AJ31) -> 0 | BI31: 0 | BJ31: 0 | BK31: 0 | BL31: 0 | BM31: 0 | BN31: 0 | BQ31: 0 | BR31: 0 | BS31: 0 | BT31: 0
A32: 0 | B32: 0 | C32: 0 | F32: =VLOOKUP(E32,[1]库存!$B$1:$C$65536,2,FALSE) -> #N/A | G32: #N/A | L32: 0 | M32: 0 | N32: 0 | O32: 0 | P32: =SUM(AG32:AJ32) -> 0 | BI32: 0 | BJ32: 0 | BK32: 0 | BL32: 0 | BM32: 0 | BN32: 0 | BQ32: 0 | BR32: 0 | BS32: 0 | BT32: 0
A33: 延锋智能 | B33: 二课 | C33: B1 | D33: S0108 | E33: 178S41BL | F33: =VLOOKUP(E33,[1]库存!$B$1:$C$65536,2,FALSE) -> SMCV SV51 SAB LH B状态 | G33: 000000008000005091 | H33: SMCV SV51 SAB LH B状态 | I33: H22412 P31141 P40431 H61332 | L33: 2 | M33: 1200 | N33: 13 | O33: 2 | P33: =SUM(AG33:AJ33) -> 0 | BI33: 0 | BJ33: 0 | BK33: 0 | BL33: 0 | BM33: 0 | BN33: 0 | BQ33: 0 | BR33: 0 | BS33: 0 | BT33: 0
A34: 0 | B34: 0 | C34: 0 | F34: =VLOOKUP(E34,[1]库存!$B$1:$C$65536,2,FALSE) -> #N/A | G34: #N/A | L34: 0 | M34: 0 | N34: 0 | O34: 0 | P34: =SUM(AG34:AJ34) -> 0 | BI34: 0 | BJ34: 0 | BK34: 0 | BL34: 0 | BM34: 0 | BN34: 0 | BQ34: 0 | BR34: 0 | BS34: 0 | BT34: 0
A35: 延锋智能 | B35: 二课 | C35: B1 | D35: S0108 | E35: 178S41BR | F35: =VLOOKUP(E35,[1]库存!$B$1:$C$65536,2,FALSE) -> SMCV SV51 SAB RH B状态 | G35: 000000008000005092 | H35: SMCV SV51 SAB RH B状态 | I35: H22412 P31141 P40431 H61332 | L35: 2 | M35: 1200 | N35: 13 | O35: 2 | P35: =SUM(AG35:AJ35) -> 0 | BI35: 0 | BJ35: 0 | BK35: 0 | BL35: 0 | BM35: 0 | BN35: 0 | BQ35: 0 | BR35: 0 | BS35: 0 | BT35: 0
A36: 0 | B36: 0 | C36: 0 | F36: =VLOOKUP(E36,[1]库存!$B$1:$C$65536,2,FALSE) -> #N/A | G36: #N/A | L36: 0 | M36: 0 | N36: 0 | O36: 0 | P36: =SUM(AG36:AJ36) -> 0 | BI36: 0 | BJ36: 0 | BK36: 0 | BL36: 0 | BM36: 0 | BN36: 0 | BQ36: 0 | BR36: 0 | BS36: 0 | BT36: 0
A37: 延锋智能 | B37: 二课 | C37: B1 | D37: S0108 | E37: 20BS004AL | F37: =VLOOKUP(E37,[1]库存!$B$1:$C$65536,2,FALSE) -> SAIC EP22 MCE EU SAB LH A状态 | G37: 000000008000005099 | H37: SAIC EP22 MCE EU SAB LH A状态 | I37: H21012 H61732 H61332 | L37: 2 | M37: 1200 | N37: 13 | O37: 2 | P37: =SUM(AG37:AJ37) -> 0 | U37: 1280 | BI37: 0 | BJ37: 0 | BK37: 0 | BL37: 0 | BM37: 0 | BN37: 0 | BQ37: 0 | BR37: 0 | BS37: 0 | BT37: 0
A38: 0 | B38: 0 | C38: 0 | F38: =VLOOKUP(E38,[1]库存!$B$1:$C$65536,2,FALSE) -> #N/A | G38: #N/A | L38: 0 | M38: 0 | N38: 0 | O38: 0 | P38: =SUM(AG38:AJ38) -> 0 | U38: 1297 | BI38: 0 | BJ38: 0 | BK38: 0 | BL38: 0 | BM38: 0 | BN38: 0 | BQ38: 0 | BR38: 0 | BS38: 0 | BT38: 0
A39: 延锋智能 | B39: 二课 | C39: B1 | D39: S0108 | E39: 20BS004AR | F39: =VLOOKUP(E39,[1]库存!$B$1:$C$65536,2,FALSE) -> SAIC EP22 MCE EU SAB RH A状态 | G39: 000000008000005100 | H39: SAIC EP22 MCE EU SAB RH A状态 | I39: H21012 H61732 H61332 | L39: 2 | M39: 1200 | N39: 13 | O39: 2 | P39: =SUM(AG39:AJ39) -> 0 | BI39: 0 | BJ39: 0 | BK39: 0 | BL39: 0 | BM39: 0 | BN39: 0 | BQ39: 0 | BR39: 0 | BS39: 0 | BT39: 0
A40: 0 | B40: 0 | C40: 0 | F40: =VLOOKUP(E40,[1]库存!$B$1:$C$65536,2,FALSE) -> #N/A | G40: #N/A | L40: 0 | M40: 0 | N40: 0 | O40: 0 | P40: =SUM(AG40:AJ40) -> 0 | BI40: 0 | BJ40: 0 | BK40: 0 | BL40: 0 | BM40: 0 | BN40: 0 | BQ40: 0 | BR40: 0 | BS40: 0 | BT40: 0
A41: 延锋智能 | B41: 二课 | C41: B1 | D41: S0108 | E41: 206S38L | F41: =VLOOKUP(E41,[1]库存!$B$1:$C$65536,2,FALSE) -> SAIC EP21 MCE EU SAB LH | G41: 000000008000002384 | H41: 206S38L SAIC EP21 MCE EU SAB LH | I41: H40242 H41132 H21012 | J41: 量少按业务预估 | L41: 2 | M41: 1200 | N41: 13 | O41: 2 | P41: =SUM(AG41:AJ41) -> 0 | BI41: 0 | BJ41: 0 | BK41: 0 | BL41: 0 | BM41: 0 | BN41: 0 | BQ41: 0 | BR41: 0 | BS41: 0 | BT41: 0
A42: 0 | B42: 0 | C42: 0 | F42: =VLOOKUP(E42,[1]库存!$B$1:$C$65536,2,FALSE) -> #N/A | G42: #N/A | L42: 0 | M42: 0 | N42: 0 | O42: 0 | P42: =SUM(AG42:AJ42) -> 0 | BI42: 0 | BJ42: 0 | BK42: 0 | BL42: 0 | BM42: 0 | BN42: 0 | BQ42: 0 | BR42: 0 | BS42: 0 | BT42: 0
A43: 延锋智能 | B43: 二课 | C43: B1 | D43: S0108 | E43: 206S38R | F43: =VLOOKUP(E43,[1]库存!$B$1:$C$65536,2,FALSE) -> SAIC EP21 MCE EU SAB RH | G43: 000000008000002385 | H43: 206S38R SAIC EP21 MCE EU SAB RH | I43: H40242 H41132 H21012 | J43: 量少按业务预估 | L43: 2 | M43: 1200 | N43: 13 | O43: 2 | P43: =SUM(AG43:AJ43) -> 0 | BI43: 0 | BJ43: 0 | BK43: 0 | BL43: 0 | BM43: 0 | BN43: 0 | BQ43: 0 | BR43: 0 | BS43: 0 | BT43: 0
A44: 0 | B44: 0 | C44: 0 | F44: =VLOOKUP(E44,[1]库存!$B$1:$C$65536,2,FALSE) -> #N/A | G44: #N/A | L44: 0 | M44: 0 | N44: 0 | O44: 0 | P44: =SUM(AG44:AJ44) -> 0 | BI44: 0 | BJ44: 0 | BK44: 0 | BL44: 0 | BM44: 0 | BN44: 0 | BQ44: 0 | BR44: 0 | BS44: 0 | BT44: 0
A45: 临港均胜 | B45: 二课 | C45: B1 | D45: S0108 | E45: 172S09AL | F45: =VLOOKUP(E45,[1]库存!$B$1:$C$65536,2,FALSE) -> S302 SAB LH A状态 | G45: 000000008000001891 | H45: S302 SAB LH A状态 | I45: P31141 P40431 H24012 | J45: 量少按业务预估 | L45: 2 | M45: 1200 | N45: 13 | O45: 2 | P45: =SUM(AG45:AJ45) -> 0 | BI45: 0 | BJ45: 0 | BK45: 0 | BL45: 0 | BM45: 0 | BN45: 0 | BQ45: 0 | BR45: 0 | BS45: 0 | BT45: 0
A46: 0 | B46: 0 | C46: 0 | F46: =VLOOKUP(E46,[1]库存!$B$1:$C$65536,2,FALSE) -> #N/A | G46: #N/A | L46: 0 | M46: 0 | N46: 0 | O46: 0 | P46: =SUM(AG46:AJ46) -> 0 | BI46: 0 | BJ46: 0 | BK46: 0 | BL46: 0 | BM46: 0 | BN46: 0 | BQ46: 0 | BR46: 0 | BS46: 0 | BT46: 0
A47: 临港均胜 | B47: 二课 | C47: B1 | D47: S0108 | E47: 172S09AR | F47: =VLOOKUP(E47,[1]库存!$B$1:$C$65536,2,FALSE) -> S302 SAB RH A状态 | G47: 000000008000001892 | H47: S302 SAB RH A状态 | I47: P31141 P40431 H24012 | J47: 量少按业务预估 | L47: 2 | M47: 1200 | N47: 13 | O47: 2 | P47: =SUM(AG47:AJ47) -> 0 | BI47: 0 | BJ47: 0 | BK47: 0 | BL47: 0 | BM47: 0 | BN47: 0 | BQ47: 0 | BR47: 0 | BS47: 0 | BT47: 0
A48: 0 | B48: 0 | C48: 0 | F48: =VLOOKUP(E48,[1]库存!$B$1:$C$65536,2,FALSE) -> #N/A | G48: #N/A | L48: 0 | M48: 0 | N48: 0 | O48: 0 | P48: =SUM(AG48:AJ48) -> 0 | BI48: 0 | BJ48: 0 | BK48: 0 | BL48: 0 | BM48: 0 | BN48: 0 | BQ48: 0 | BR48: 0 | BS48: 0 | BT48: 0
A49: 延锋智能 | B49: 二课 | C49: B1 | D49: S0108 | E49: 22BS094L | F49: =VLOOKUP(E49,[1]库存!$B$1:$C$65536,2,FALSE) -> EV31 SAB LH | G49: 000000008000003460 | H49: EV31 SAB L | I49: H40242 P40431 P31141 H22412 | J49: 量少按业务预估 | L49: 2 | M49: 1300 | N49: 14 | O49: 2 | P49: =SUM(AG49:AJ49) -> 0 | BI49: 0 | BJ49: 0 | BK49: 0 | BL49: 0 | BM49: 0 | BN49: 0 | BQ49: 0 | BR49: 0 | BS49: 0 | BT49: 0
A50: 0 | B50: 0 | C50: 0 | F50: =VLOOKUP(E50,[1]库存!$B$1:$C$65536,2,FALSE) -> #N/A | G50: #N/A | L50: 0 | M50: 0 | N50: 0 | O50: 0 | P50: =SUM(AG50:AJ50) -> 0 | BI50: 0 | BJ50: 0 | BK50: 0 | BL50: 0 | BM50: 0 | BN50: 0 | BQ50: 0 | BR50: 0 | BS50: 0 | BT50: 0
A51: 延锋智能 | B51: 二课 | C51: B1 | D51: S0108 | E51: 22BS094R | F51: =VLOOKUP(E51,[1]库存!$B$1:$C$65536,2,FALSE) -> EV31 SAB RH | G51: 000000008000003461 | H51: EV31 SAB R | I51: H40242 P40431 P31141 H22412 | J51: 量少按业务预估 | L51: 2 | M51: 1300 | N51: 14 | O51: 2 | P51: =SUM(AG51:AJ51) -> 0 | BI51: 0 | BJ51: 0 | BK51: 0 | BL51: 0 | BM51: 0 | BN51: 0 | BQ51: 0 | BR51: 0 | BS51: 0 | BT51: 0
A52: 0 | B52: 0 | C52: 0 | F52: =VLOOKUP(E52,[1]库存!$B$1:$C$65536,2,FALSE) -> #N/A | G52: #N/A | L52: 0 | M52: 0 | N52: 0 | O52: 0 | P52: =SUM(AG52:AJ52) -> 0 | BI52: 0 | BJ52: 0 | BK52: 0 | BL52: 0 | BM52: 0 | BN52: 0 | BQ52: 0 | BR52: 0 | BS52: 0 | BT52: 0
A53: 0 | B53: 0 | C53: 0 | F53: =VLOOKUP(E53,[1]库存!$B$1:$C$65536,2,FALSE) -> #N/A | G53: #N/A | L53: 0 | M53: 0 | N53: 0 | O53: 0 | P53: =SUM(AG53:AJ53) -> 0 | BI53: 0 | BJ53: 0 | BK53: 0 | BL53: 0 | BM53: 0 | BN53: 0 | BQ53: 0 | BR53: 0 | BS53: 0 | BT53: 0
A54: 临港均胜 | B54: 二课 | C54: B1 | D54: S0106 | E54: 177D42A | F54: =VLOOKUP(E54,[1]库存!$B$1:$C$65536,2,FALSE) -> CHANGAN C211 DAB(INVISTA面料) | G54: 000000008000002691 | H54: CHANGAN C211 DAB(INVISTA面料) | I54: H10332 H20642 | L54: 2 | M54: 1500 | N54: 6 | O54: 2 | P54: =SUM(AG54:AJ54) -> 0 | BI54: 0 | BJ54: 0 | BK54: 0 | BL54: 0 | BM54: 0 | BN54: 0 | BQ54: 0 | BR54: 0 | BS54: 0 | BT54: 0
A55: 0 | B55: 0 | C55: 0 | F55: =VLOOKUP(E55,[1]库存!$B$1:$C$65536,2,FALSE) -> #N/A | G55: #N/A | L55: 0 | M55: 0 | N55: 0 | O55: 0 | P55: =SUM(AG55:AJ55) -> 0 | BI55: 0 | BJ55: 0 | BK55: 0 | BL55: 0 | BM55: 0 | BN55: 0 | BQ55: 0 | BR55: 0 | BS55: 0 | BT55: 0
A56: 临港均胜 | B56: 二课 | C56: B1 | D56: S0106 | E56: 136D39 | F56: =VLOOKUP(E56,[1]库存!$B$1:$C$65536,2,FALSE) -> JAC BCROSS DAB | G56: 000000008000000505 | H56: JAC BCROSS DAB | I56: P60111 P31131 P40431 | J56: 量少按业务预估 | L56: 2 | M56: 1500 | N56: 7 | O56: 2 | P56: =SUM(AG56:AJ56) -> 0 | BI56: 0 | BJ56: 0 | BK56: 0 | BL56: 0 | BM56: 0 | BN56: 0 | BQ56: 0 | BR56: 0 | BS56: 0 | BT56: 0
A57: 0 | B57: 0 | C57: 0 | F57: =VLOOKUP(E57,[1]库存!$B$1:$C$65536,2,FALSE) -> #N/A | G57: #N/A | L57: 0 | M57: 0 | N57: 0 | O57: 0 | P57: =SUM(AG57:AJ57) -> 0 | BI57: 0 | BJ57: 0 | BK57: 0 | BL57: 0 | BM57: 0 | BN57: 0 | BQ57: 0 | BR57: 0 | BS57: 0 | BT57: 0
A58: 临港均胜 | B58: 二课 | C58: B1 | D58: S0106 | E58: 181D08 | F58: =VLOOKUP(E58,[1]库存!$B$1:$C$65536,2,FALSE) -> CHANGAN S302 DAB | G58: 000000008000000447 | H58: S302 DAB | I58: H10332 H20642 | L58: 2 | M58: 1500 | N58: 6 | O58: 2 | P58: =SUM(AG58:AJ58) -> 0 | BI58: 0 | BJ58: 0 | BK58: 0 | BL58: 0 | BM58: 0 | BN58: 0 | BQ58: 0 | BR58: 0 | BS58: 0 | BT58: 0
A59: 0 | B59: 0 | C59: 0 | F59: =VLOOKUP(E59,[1]库存!$B$1:$C$65536,2,FALSE) -> #N/A | G59: #N/A | L59: 0 | M59: 0 | N59: 0 | O59: 0 | P59: =SUM(AG59:AJ59) -> 0 | BI59: 0 | BJ59: 0 | BK59: 0 | BL59: 0 | BM59: 0 | BN59: 0 | BQ59: 0 | BR59: 0 | BS59: 0 | BT59: 0
A60: 临港均胜 | B60: 二课 | C60: B1 | D60: S0106 | E60: 171D03 | F60: =VLOOKUP(E60,[1]库存!$B$1:$C$65536,2,FALSE) -> CHANGAN S301 VAVE DAB | G60: 000000008000000476 | H60: CHANGAN S301 VAVE DAB | I60: H30632 H40232 | J60: 售后件 | L60: 2 | M60: 1500 | N60: 6 | O60: 2 | P60: =SUM(AG60:AJ60) -> 0 | BI60: 0 | BJ60: 0 | BK60: 0 | BL60: 0 | BM60: 0 | BN60: 0 | BQ60: 0 | BR60: 0 | BS60: 0 | BT60: 0
A61: 0 | B61: 0 | C61: 0 | F61: =VLOOKUP(E61,[1]库存!$B$1:$C$65536,2,FALSE) -> #N/A | G61: #N/A | L61: 0 | M61: 0 | N61: 0 | O61: 0 | P61: =SUM(AG61:AJ61) -> 0 | BI61: 0 | BJ61: 0 | BK61: 0 | BL61: 0 | BM61: 0 | BN61: 0 | BQ61: 0 | BR61: 0 | BS61: 0 | BT61: 0
A62: 0 | B62: 二课 | C62: B1 | D62: S0106 | E62: 138D52 | F62: =VLOOKUP(E62,[1]库存!$B$1:$C$65536,2,FALSE) -> S301 DAB | G62: 000000008000000460 | H62: S301 DAB | I62: H30632 H40232 | L62: 2 | M62: 1500 | N62: 6 | O62: 2 | P62: =SUM(AG62:AJ62) -> 0 | BI62: 0 | BJ62: 0 | BK62: 0 | BL62: 0 | BM62: 0 | BN62: 0 | BQ62: 0 | BR62: 0 | BS62: 0 | BT62: 0
A63: 0 | B63: 0 | C63: 0 | F63: =VLOOKUP(E63,[1]库存!$B$1:$C$65536,2,FALSE) -> #N/A | G63: #N/A | L63: 0 | M63: 0 | N63: 0 | O63: 0 | P63: =SUM(AG63:AJ63) -> 0 | BI63: 0 | BJ63: 0 | BK63: 0 | BL63: 0 | BM63: 0 | BN63: 0 | BQ63: 0 | BR63: 0 | BS63: 0 | BT63: 0
A64: 0 | B64: 二课 | C64: B1 | D64: S0106 | E64: 11BD08 | F64: =VLOOKUP(E64,[1]库存!$B$1:$C$65536,2,FALSE) -> CHANA CD101 DAB | G64: 000000008000000456 | H64: CHANA CD101 DAB | I64: H31532 H40232 | L64: 2 | M64: 1380 | N64: 6 | O64: 2 | P64: =SUM(AG64:AJ64) -> 0 | BI64: 0 | BJ64: 0 | BK64: 0 | BL64: 0 | BM64: 0 | BN64: 0 | BQ64: 0 | BR64: 0 | BS64: 0 | BT64: 0
A65: 0 | B65: 0 | C65: 0 | F65: =VLOOKUP(E65,[1]库存!$B$1:$C$65536,2,FALSE) -> #N/A | G65: #N/A | L65: 0 | M65: 0 | N65: 0 | O65: 0 | P65: =SUM(AG65:AJ65) -> 0 | BI65: 0 | BJ65: 0 | BK65: 0 | BL65: 0 | BM65: 0 | BN65: 0 | BQ65: 0 | BR65: 0 | BS65: 0 | BT65: 0
A66: 0 | B66: 二课 | C66: B1 | D66: S0106 | E66: 134D28 | F66: =VLOOKUP(E66,[1]库存!$B$1:$C$65536,2,FALSE) -> DFL 719 DAB | G66: 000000008000000504 | H66: DFL 719 DAB | I66: P31131 P40431 P60111 H40232 | L66: 2 | M66: 1000 | N66: 6 | O66: 2 | P66: =SUM(AG66:AJ66) -> 0 | BI66: 0 | BJ66: 0 | BK66: 0 | BL66: 0 | BM66: 0 | BN66: 0 | BQ66: 0 | BR66: 0 | BS66: 0 | BT66: 0
A67: 0 | B67: 0 | C67: 0 | F67: =VLOOKUP(E67,[1]库存!$B$1:$C$65536,2,FALSE) -> #N/A | G67: #N/A | L67: 0 | M67: 0 | N67: 0 | O67: 0 | P67: =SUM(AG67:AJ67) -> 0 | BI67: 0 | BJ67: 0 | BK67: 0 | BL67: 0 | BM67: 0 | BN67: 0 | BQ67: 0 | BR67: 0 | BS67: 0 | BT67: 0
A68: 临港均胜 | B68: 二课 | C68: B1 | D68: S0106 | E68: 131D07 | F68: =VLOOKUP(E68,[1]库存!$B$1:$C$65536,2,FALSE) -> GWM CH071 DAB | G68: 000000008000000503 | H68: 131D07 CH071 DAB | I68: P20331 H41432 | L68: 2 | M68: 1400 | N68: 6 | O68: 2 | P68: =SUM(AG68:AJ68) -> 0 | BI68: 0 | BJ68: 0 | BK68: 0 | BL68: 0 | BM68: 0 | BN68: 0 | BQ68: 0 | BR68: 0 | BS68: 0 | BT68: 0
A69: 0 | B69: 0 | C69: 0 | F69: =VLOOKUP(E69,[1]库存!$B$1:$C$65536,2,FALSE) -> #N/A | G69: #N/A | L69: 0 | M69: 0 | N69: 0 | O69: 0 | P69: =SUM(AG69:AJ69) -> 0 | BI69: 0 | BJ69: 0 | BK69: 0 | BL69: 0 | BM69: 0 | BN69: 0 | BQ69: 0 | BR69: 0 | BS69: 0 | BT69: 0
A70: 临港均胜 | B70: 二课 | C70: B1 | D70: S0106 | E70: 124D15 | F70: =VLOOKUP(E70,[1]库存!$B$1:$C$65536,2,FALSE) -> CHANA S101 DAB | G70: 000000008000000457 | H70: 124D15 S101DAB | I70: H30632 H40232 | L70: 2 | M70: 1400 | N70: 6 | O70: 2 | P70: =SUM(AG70:AJ70) -> 0 | BI70: 0 | BJ70: 0 | BK70: 0 | BL70: 0 | BM70: 0 | BN70: 0 | BQ70: 0 | BR70: 0 | BS70: 0 | BT70: 0
A71: 0 | B71: 0 | C71: 0 | F71: =VLOOKUP(E71,[1]库存!$B$1:$C$65536,2,FALSE) -> #N/A | G71: #N/A | L71: 0 | M71: 0 | N71: 0 | O71: 0 | P71: =SUM(AG71:AJ71) -> 0 | BI71: 0 | BJ71: 0 | BK71: 0 | BL71: 0 | BM71: 0 | BN71: 0 | BQ71: 0 | BR71: 0 | BS71: 0 | BT71: 0
A72: 0 | B72: 0 | C72: 0 | F72: =VLOOKUP(E72,[1]库存!$B$1:$C$65536,2,FALSE) -> #N/A | G72: #N/A | L72: 0 | M72: 0 | N72: 0 | O72: 0 | P72: =SUM(AG72:AJ72) -> 0 | BI72: 0 | BJ72: 0 | BK72: 0 | BL72: 0 | BM72: 0 | BN72: 0 | BQ72: 0 | BR72: 0 | BS72: 0 | BT72: 0
A73: 上海奥托立夫 | B73: 二课 | C73: B1 | D73: S0105 | E73: 247S103BL | F73: =VLOOKUP(E73,[1]库存!$B$1:$C$65536,2,FALSE) -> V446K FSAB LH B状态 | G73: 000000008000004622 | H73: V446K FSAB LH B状态 | I73: H41142 | L73: 2 | M73: 1300 | N73: 11 | O73: 2 | P73: =SUM(AG73:AJ73) -> 0 | BI73: 0 | BJ73: 0 | BK73: 0 | BL73: 0 | BM73: 0 | BN73: 0 | BQ73: 0 | BR73: 0 | BS73: 0 | BT73: 0
A74: 0 | B74: 0 | C74: 0 | F74: =VLOOKUP(E74,[1]库存!$B$1:$C$65536,2,FALSE) -> #N/A | G74: #N/A | L74: 0 | M74: 0 | N74: 0 | O74: 0 | P74: =SUM(AG74:AJ74) -> 0 | BI74: 0 | BJ74: 0 | BK74: 0 | BL74: 0 | BM74: 0 | BN74: 0 | BQ74: 0 | BR74: 0 | BS74: 0 | BT74: 0
A75: 上海奥托立夫 | B75: 二课 | C75: B1 | D75: S0105 | E75: 247S103BR | F75: =VLOOKUP(E75,[1]库存!$B$1:$C$65536,2,FALSE) -> V446K FSAB RH B状态 | G75: 000000008000004623 | H75: V446K FSAB RH B状态 | I75: H41142 | L75: 2 | M75: 1300 | N75: 11 | O75: 2 | P75: =SUM(AG75:AJ75) -> 0 | BI75: 0 | BJ75: 0 | BK75: 0 | BL75: 0 | BM75: 0 | BN75: 0 | BQ75: 0 | BR75: 0 | BS75: 0 | BT75: 0
A76: 0 | B76: 0 | C76: 0 | F76: =VLOOKUP(E76,[1]库存!$B$1:$C$65536,2,FALSE) -> #N/A | G76: #N/A | L76: 0 | M76: 0 | N76: 0 | O76: 0 | P76: =SUM(AG76:AJ76) -> 0 | BI76: 0 | BJ76: 0 | BK76: 0 | BL76: 0 | BM76: 0 | BN76: 0 | BQ76: 0 | BR76: 0 | BS76: 0 | BT76: 0
A77: 上海奥托立夫 | B77: 二课 | C77: B1 | D77: S0105 | E77: 211S002CL | F77: =VLOOKUP(E77,[1]库存!$B$1:$C$65536,2,FALSE) -> EF1E SAB LH C状态 | G77: 000000008000004306 | H77: EF1E SAB LH C状态 | I77: H41142 | L77: 2 | M77: 1050 | N77: 11 | O77: 2 | P77: =SUM(AG77:AJ77) -> 0 | BI77: 0 | BJ77: 0 | BK77: 0 | BL77: 0 | BM77: 0 | BN77: 0 | BQ77: 0 | BR77: 0 | BS77: 0 | BT77: 0
A78: 0 | B78: 0 | C78: 0 | F78: =VLOOKUP(E78,[1]库存!$B$1:$C$65536,2,FALSE) -> #N/A | G78: #N/A | L78: 0 | M78: 0 | N78: 0 | O78: 0 | P78: =SUM(AG78:AJ78) -> 0 | BI78: 0 | BJ78: 0 | BK78: 0 | BL78: 0 | BM78: 0 | BN78: 0 | BQ78: 0 | BR78: 0 | BS78: 0 | BT78: 0
A79: 上海奥托立夫 | B79: 二课 | C79: B1 | D79: S0105 | E79: 211S002CR | F79: =VLOOKUP(E79,[1]库存!$B$1:$C$65536,2,FALSE) -> EF1E SAB RH C状态 | G79: 000000008000004307 | H79: EF1E SAB RH C状态 | I79: H41142 | L79: 2 | M79: 1050 | N79: 11 | O79: 2 | P79: =SUM(AG79:AJ79) -> 0 | BI79: 0 | BJ79: 0 | BK79: 0 | BL79: 0 | BM79: 0 | BN79: 0 | BQ79: 0 | BR79: 0 | BS79: 0 | BT79: 0
A80: 0 | B80: 0 | C80: 0 | F80: =VLOOKUP(E80,[1]库存!$B$1:$C$65536,2,FALSE) -> #N/A | G80: #N/A | L80: 0 | M80: 0 | N80: 0 | O80: 0 | P80: =SUM(AG80:AJ80) -> 0 | BI80: 0 | BJ80: 0 | BK80: 0 | BL80: 0 | BM80: 0 | BN80: 0 | BQ80: 0 | BR80: 0 | BS80: 0 | BT80: 0
A81: 上海奥托立夫 | B81: 二课 | C81: B1 | D81: S0105 | E81: 232S012L | F81: =VLOOKUP(E81,[1]库存!$B$1:$C$65536,2,FALSE) -> GEELY CM2E SAB LH | G81: 000000008000003988 | H81: GEELY CM2E SAB LH | I81: H41132 P31141 | J81: 要变更 | L81: 2 | M81: 1000 | N81: 14 | O81: 2 | P81: =SUM(AG81:AJ81) -> 0 | BI81: 0 | BJ81: 0 | BK81: 0 | BL81: 0 | BM81: 0 | BN81: 0 | BQ81: 0 | BR81: 0 | BS81: 0 | BT81: 0
A82: 0 | B82: 0 | C82: 0 | F82: =VLOOKUP(E82,[1]库存!$B$1:$C$65536,2,FALSE) -> #N/A | G82: #N/A | L82: 0 | M82: 0 | N82: 0 | O82: 0 | P82: =SUM(AG82:AJ82) -> 0 | BI82: 0 | BJ82: 0 | BK82: 0 | BL82: 0 | BM82: 0 | BN82: 0 | BQ82: 0 | BR82: 0 | BS82: 0 | BT82: 0
A83: 上海奥托立夫 | B83: 二课 | C83: B1 | D83: S0105 | E83: 232S012R | F83: =VLOOKUP(E83,[1]库存!$B$1:$C$65536,2,FALSE) -> GEELY CM2E SAB RH | G83: 000000008000003989 | H83: GEELY CM2E SAB RH | I83: H41132 P31141 | L83: 2 | M83: 1000 | N83: 14 | O83: 2 | P83: =SUM(AG83:AJ83) -> 0 | BI83: 0 | BJ83: 0 | BK83: 0 | BL83: 0 | BM83: 0 | BN83: 0 | BQ83: 0 | BR83: 0 | BS83: 0 | BT83: 0
A84: 0 | B84: 0 | C84: 0 | F84: =VLOOKUP(E84,[1]库存!$B$1:$C$65536,2,FALSE) -> #N/A | G84: #N/A | L84: 0 | M84: 0 | N84: 0 | O84: 0 | P84: =SUM(AG84:AJ84) -> 0 | BI84: 0 | BJ84: 0 | BK84: 0 | BL84: 0 | BM84: 0 | BN84: 0 | BQ84: 0 | BR84: 0 | BS84: 0 | BT84: 0
A85: 0 | B85: 二课 | C85: B1 | D85: S0105 | F85: =VLOOKUP(E85,[1]库存!$B$1:$C$65536,2,FALSE) -> #N/A | G85: #N/A | H85: V216 FSAB C状态 L | I85: 223S019CL | L85: 2 | M85: 1000 | N85: 14 | O85: 2 | P85: =SUM(AG85:AJ85) -> 0 | BI85: 0 | BJ85: 0 | BK85: 0 | BL85: 0 | BM85: 0 | BN85: 0 | BQ85: 0 | BR85: 0 | BS85: 0 | BT85: 0
A86: 0 | B86: 0 | C86: 0 | F86: =VLOOKUP(E86,[1]库存!$B$1:$C$65536,2,FALSE) -> #N/A | G86: #N/A | L86: 0 | M86: 0 | N86: 0 | O86: 0 | P86: =SUM(AG86:AJ86) -> 0 | BI86: 0 | BJ86: 0 | BK86: 0 | BL86: 0 | BM86: 0 | BN86: 0 | BQ86: 0 | BR86: 0 | BS86: 0 | BT86: 0
A87: 0 | B87: 二课 | C87: B1 | D87: S0105 | F87: =VLOOKUP(E87,[1]库存!$B$1:$C$65536,2,FALSE) -> #N/A | G87: #N/A | H87: V216 FSAB C状态 R | I87: 223S019CR | L87: 2 | M87: 1000 | N87: 14 | O87: 2 | P87: =SUM(AG87:AJ87) -> 0 | BI87: 0 | BJ87: 0 | BK87: 0 | BL87: 0 | BM87: 0 | BN87: 0 | BQ87: 0 | BR87: 0 | BS87: 0 | BT87: 0
A88: 0 | B88: 0 | C88: 0 | F88: =VLOOKUP(E88,[1]库存!$B$1:$C$65536,2,FALSE) -> #N/A | G88: #N/A | L88: 0 | M88: 0 | N88: 0 | O88: 0 | P88: =SUM(AG88:AJ88) -> 0 | BI88: 0 | BJ88: 0 | BK88: 0 | BL88: 0 | BM88: 0 | BN88: 0 | BQ88: 0 | BR88: 0 | BS88: 0 | BT88: 0
A89: 0 | B89: 二课 | C89: B1 | D89: S0105 | E89: 12AD30 | F89: =VLOOKUP(E89,[1]库存!$B$1:$C$65536,2,FALSE) -> #N/A | G89: #N/A | H89: 12AD30 CH041 DAB | I89: H30632 H40232 H30732 | J89: 生产线不能做 | L89: 2 | M89: 700 | N89: 9 | O89: 2 | P89: =SUM(AG89:AJ89) -> 0 | BI89: 0 | BJ89: 0 | BK89: 0 | BL89: 0 | BM89: 0 | BN89: 0 | BQ89: 0 | BR89: 0 | BS89: 0 | BT89: 0
A90: 0 | B90: 0 | C90: 0 | F90: =VLOOKUP(E90,[1]库存!$B$1:$C$65536,2,FALSE) -> #N/A | G90: #N/A | L90: 0 | M90: 0 | N90: 0 | O90: 0 | P90: =SUM(AG90:AJ90) -> 0 | BI90: 0 | BJ90: 0 | BK90: 0 | BL90: 0 | BM90: 0 | BN90: 0 | BQ90: 0 | BR90: 0 | BS90: 0 | BT90: 0
A91: 0 | B91: 二课 | C91: B1 | D91: S0105 | E91: 136D36 | F91: =VLOOKUP(E91,[1]库存!$B$1:$C$65536,2,FALSE) -> #N/A | G91: #N/A | H91: KC-1 DAB （国捻） | I91: H30732 H40232 | J91: 生产线不能做 | L91: 0 | M91: 0 | N91: 0 | O91: 0 | P91: =SUM(AG91:AJ91) -> 0 | BI91: 0 | BJ91: 0 | BK91: 0 | BL91: 0 | BM91: 0 | BN91: 0 | BQ91: 0 | BR91: 0 | BS91: 0 | BT91: 0
A92: 0 | B92: 0 | C92: 0 | F92: =VLOOKUP(E92,[1]库存!$B$1:$C$65536,2,FALSE) -> #N/A | G92: #N/A | L92: 0 | M92: 0 | N92: 0 | O92: 0 | P92: =SUM(AG92:AJ92) -> 0 | BI92: 0 | BJ92: 0 | BK92: 0 | BL92: 0 | BM92: 0 | BN92: 0 | BQ92: 0 | BR92: 0 | BS92: 0 | BT92: 0
A93: 0 | B93: 二课 | C93: B1 | D93: S0105 | E93: 139D58 | F93: =VLOOKUP(E93,[1]库存!$B$1:$C$65536,2,FALSE) -> #N/A | G93: #N/A | H93: 139D58 KIA KC DAB | I93: H20631 H30732 | J93: 生产线不能做 | L93: 2 | M93: 700 | N93: 9 | O93: 2 | P93: =SUM(AG93:AJ93) -> 0 | BI93: 0 | BJ93: 0 | BK93: 0 | BL93: 0 | BM93: 0 | BN93: 0 | BQ93: 0 | BR93: 0 | BS93: 0 | BT93: 0
A94: 0 | B94: 0 | C94: 0 | F94: =VLOOKUP(E94,[1]库存!$B$1:$C$65536,2,FALSE) -> #N/A | G94: #N/A | L94: 0 | M94: 0 | N94: 0 | O94: 0 | P94: =SUM(AG94:AJ94) -> 0 | BI94: 0 | BJ94: 0 | BK94: 0 | BL94: 0 | BM94: 0 | BN94: 0 | BQ94: 0 | BR94: 0 | BS94: 0 | BT94: 0
A95: 0 | B95: 二课 | C95: B1 | D95: S0105 | E95: 15CD33A | F95: =VLOOKUP(E95,[1]库存!$B$1:$C$65536,2,FALSE) -> #N/A | G95: #N/A | H95: 15CD33A KC-1B DAB | I95: H30632 H41612 H21911 | J95: 生产线不能做 | L95: 2 | M95: 1200 | N95: 11 | O95: 2 | P95: =SUM(AG95:AJ95) -> 0 | BI95: 0 | BJ95: 0 | BK95: 0 | BL95: 0 | BM95: 0 | BN95: 0 | BQ95: 0 | BR95: 0 | BS95: 0 | BT95: 0
A96: 0 | B96: 0 | C96: 0 | F96: =VLOOKUP(E96,[1]库存!$B$1:$C$65536,2,FALSE) -> #N/A | G96: #N/A | L96: 0 | M96: 0 | N96: 0 | O96: 0 | P96: =SUM(AG96:AJ96) -> 0 | BI96: 0 | BJ96: 0 | BK96: 0 | BL96: 0 | BM96: 0 | BN96: 0 | BQ96: 0 | BR96: 0 | BS96: 0 | BT96: 0
A97: 0 | B97: 二课 | C97: B1 | D97: S0105 | E97: 139D56A | F97: =VLOOKUP(E97,[1]库存!$B$1:$C$65536,2,FALSE) -> #N/A | G97: #N/A | H97: CHERY A3II DAB (埃) | I97: H24212 H41612 H30632 | J97: 生产线不能做 | L97: 2.5 | M97: 1250 | N97: 11 | O97: 2.5 | P97: =SUM(AG97:AJ97) -> 0 | BI97: 0 | BJ97: 0 | BK97: 0 | BL97: 0 | BM97: 0 | BN97: 0 | BQ97: 0 | BR97: 0 | BS97: 0 | BT97: 0
A98: 0 | B98: 0 | C98: 0 | F98: =VLOOKUP(E98,[1]库存!$B$1:$C$65536,2,FALSE) -> #N/A | G98: #N/A | L98: 0 | M98: 0 | N98: 0 | O98: 0 | P98: =SUM(AG98:AJ98) -> 0 | BI98: 0 | BJ98: 0 | BK98: 0 | BL98: 0 | BM98: 0 | BN98: 0 | BQ98: 0 | BR98: 0 | BS98: 0 | BT98: 0
A99: 0 | B99: 二课 | C99: B1 | D99: S0105 | E99: 164D10 | F99: =VLOOKUP(E99,[1]库存!$B$1:$C$65536,2,FALSE) -> #N/A | G99: #N/A | H99: FE-3AC DAB （国产缝纫线） | I99: H30732 H40232 | J99: 生产线不能做 | L99: 2 | M99: 1200 | N99: 10 | O99: 2 | P99: =SUM(AG99:AJ99) -> 0 | BI99: 0 | BJ99: 0 | BK99: 0 | BL99: 0 | BM99: 0 | BN99: 0 | BQ99: 0 | BR99: 0 | BS99: 0 | BT99: 0
A100: 0 | B100: 0 | C100: 0 | F100: =VLOOKUP(E100,[1]库存!$B$1:$C$65536,2,FALSE) -> #N/A | G100: #N/A | L100: 0 | M100: 0 | N100: 0 | O100: 0 | P100: =SUM(AG100:AJ100) -> 0 | BI100: 0 | BJ100: 0 | BK100: 0 | BL100: 0 | BM100: 0 | BN100: 0 | BQ100: 0 | BR100: 0 | BS100: 0 | BT100: 0
A101: 0 | B101: 0 | C101: 0 | F101: =VLOOKUP(E101,[1]库存!$B$1:$C$65536,2,FALSE) -> #N/A | G101: #N/A | L101: 0 | M101: 0 | N101: 0 | O101: 0 | P101: =SUM(AG101:AJ101) -> 0 | BI101: 0 | BJ101: 0 | BK101: 0 | BL101: 0 | BM101: 0 | BN101: 0 | BQ101: 0 | BR101: 0 | BS101: 0 | BT101: 0
...
