Workbook

Sheet Sheet1
A1: 搜索词_客户 | B1: SAP物料 | C1: SAP描述 | D1: 课别 | E1: 生产线 | F1: 库龄期间 | G1: 8.07备货产品(126) | H1: 东美缝纫线 | I1: 类别 | J1: 序号 | K1: 业务 | L1: 产品名称 | M1: HMT零件号 | N1: EOP日期 | O1: 更新日期 | P1: 备注 | Q1: 8.13库存 | R1: 8-13号出货量 | S1: 8-14号出货量 | T1: 8-15号出货量 | U1: 8-16号出货量 | V1: 8-17号出货量 | W1: 8-18号出货量 | X1: 差异 | Y1: 20260807 | Z1: 7-13出货量 | AA1: 预估减出货量减库存量 | AB1: 生产线量 | AC1: 差异量减排产量 | AD1: 20260814 | AE1: 20260821 | AF1: 20260828 | AG1: 20260904 | AH1: 20260911 | AI1: 20260918 | AJ1: 20260925 | AK1: 20261002 | AL1: 20261009 | AM1: 20261016 | AN1: 20261023 | AO1: 20261030 | AP1: 20261106 | AQ1: 20261113 | AR1: 20261120 | AS1: 20261127 | AT1: 20261204 | AU1: 20261211 | AV1: 20261218 | AW1: 20261225 | AX1: 20270101 | AY1: 20270108 | AZ1: 20270115 | BA1: 20270122 | BB1: 20270129 | BC1: 20270205 | BD1: 20270212 | BE1: 20270219 | BF1: 20270226 | BG1: 20270305 | BH1: 20270312 | BI1: 20270319 | BJ1: 20270326 | BK1: 20270402
A2: 保定奥托立夫 | B2: 8000002731 | C2: 209S58BL.TOYOTA 825B RSAB LH B状态 | D2: 二课 | E2: S0406 | F2: 1-3月 | G2: 3周 | H2: 0 | I2: SAB | J2: 13 | K2: 0 | L2: TOYOTA 825B RSAB LH B状态 | M2: AB.209S58BL | N2: 00000000 | O2: 20260806 | Q2: 3200 | R2: 0 | S2: 0 | V2: 0 | X2: =Q2-R2-S2-T2-U2-V2-W2 -> 3200 | Y2: 2400 | Z2: 1200 | AA2: =Y2-Z2-Q2 -> -2000 | AB2: =VLOOKUP(L2,[1]缝纫33周!$F:$P,11,FALSE) -> 2600 | AC2: =AA2-AB2 -> -4600 | AD2: 2400 | AE2: 2400 | AF2: 1600 | AG2: 1600 | AH2: 1600 | AI2: 1600 | AJ2: 1600 | AK2: 1600 | AL2: 1600 | AM2: 1600 | AN2: 1600 | AO2: 1600 | AP2: 1600 | AQ2: 1600 | AR2: 1600 | AS2: 1600 | AT2: 1600 | AU2: 1600 | AV2: 1600 | AW2: 500 | AX2: 0 | AY2: 0 | AZ2: 0 | BA2: 0 | BB2: 0 | BC2: 0 | BD2: 0 | BE2: 0 | BF2: 0 | BG2: 0 | BH2: 0 | BI2: 0 | BJ2: 0 | BK2: 0
A3: 保定奥托立夫 | B3: 8000002826 | C3: 217S044L.GWM ES13 SAB LH | D3: 三课 | E3: S3801 | F3: 0 | G3: 2周 | H3: 0 | I3: SAB | J3: 13 | K3: 0 | L3: GWM ES13 SAB LH | M3: AB.217S044L | N3: 20261231 | O3: 20260806 | Q3: 0 | R3: 0 | S3: 0 | V3: 0 | X3: =Q3-R3-S3-T3-U3-V3-W3 -> 0 | Y3: 1200 | Z3: 2040 | AA3: =Y3-Z3-Q3 -> -840 | AB3: =VLOOKUP(L3,[1]缝纫33周!$F:$P,11,FALSE) -> 1350 | AC3: =AA3-AB3 -> -2190 | AD3: 1200 | AE3: 1200 | AF3: 1200 | AG3: 1200 | AH3: 1200 | AI3: 1140 | AJ3: 1140 | AK3: 1140 | AL3: 1140 | AM3: 1140 | AN3: 1320 | AO3: 1320 | AP3: 1320 | AQ3: 1320 | AR3: 1380 | AS3: 1380 | AT3: 1380 | AU3: 1380 | AV3: 1200 | AW3: 1140 | AX3: 1140 | AY3: 1200 | AZ3: 840 | BA3: 780 | BB3: 840 | BC3: 0 | BD3: 840 | BE3: 780 | BF3: 0 | BG3: 0 | BH3: 0 | BI3: 0 | BJ3: 0 | BK3: 0
A4: 保定奥托立夫 | B4: 8000002827 | C4: 217S044R.GWM ES13 SAB RH | D4: 三课 | E4: S3801 | F4: 0 | G4: 2周 | H4: 0 | I4: SAB | J4: 13 | K4: 0 | L4: GWM ES13 SAB RH | M4: AB.217S044R | N4: 20261231 | O4: 20260806 | Q4: 180 | R4: 0 | S4: 0 | V4: 0 | X4: =Q4-R4-S4-T4-U4-V4-W4 -> 180 | Y4: 1200 | Z4: 1440 | AA4: =Y4-Z4-Q4 -> -420 | AB4: =VLOOKUP(L4,[1]缝纫33周!$F:$P,11,FALSE) -> 1350 | AC4: =AA4-AB4 -> -1770 | AD4: 1200 | AE4: 1200 | AF4: 1200 | AG4: 1200 | AH4: 1200 | AI4: 1080 | AJ4: 1140 | AK4: 1140 | AL4: 1140 | AM4: 1140 | AN4: 1320 | AO4: 1320 | AP4: 1320 | AQ4: 1320 | AR4: 1380 | AS4: 1380 | AT4: 1440 | AU4: 1380 | AV4: 1140 | AW4: 1140 | AX4: 1200 | AY4: 1140 | AZ4: 840 | BA4: 840 | BB4: 780 | BC4: 0 | BD4: 840 | BE4: 780 | BF4: 0 | BG4: 0 | BH4: 0 | BI4: 0 | BJ4: 0 | BK4: 0
A5: 保定奥托立夫 | B5: 8000003223 | C5: 214S026L.HYUNDAI NU2 SAB LH | D5: 四课 | E5: S6102 | F5: 0 | G5: 0 | H5: 0 | I5: SAB | J5: 13 | K5: 0 | L5: HYUNDAI NU2 SAB LH | M5: AB.214S026L | N5: 00000000 | O5: 20260806 | Q5: 1750 | R5: 0 | S5: 0 | V5: 0 | X5: =Q5-R5-S5-T5-U5-V5-W5 -> 1750 | Y5: 800 | Z5: 560 | AA5: =Y5-Z5-Q5 -> -1510 | AB5: =VLOOKUP(L5,[1]缝纫33周!$F:$P,11,FALSE) -> 1500 | AC5: =AA5-AB5 -> -3010 | AD5: 800 | AE5: 800 | AF5: 420 | AG5: 420 | AH5: 350 | AI5: 280 | AJ5: 280 | AK5: 280 | AL5: 350 | AM5: 210 | AN5: 210 | AO5: 210 | AP5: 210 | AQ5: 210 | AR5: 140 | AS5: 210 | AT5: 210 | AU5: 210 | AV5: 210 | AW5: 210 | AX5: 210 | AY5: 140 | AZ5: 210 | BA5: 420 | BB5: 350 | BC5: 0 | BD5: 350 | BE5: 350 | BF5: 0 | BG5: 0 | BH5: 0 | BI5: 0 | BJ5: 0 | BK5: 0
A6: 保定奥托立夫 | B6: 8000003468 | C6: 22AS084R.Changan C673 FSAB RH | D6: 四课 | E6: S6505 | F6: 0 | G6: 0 | H6: 0 | I6: SAB | J6: 13 | K6: 0 | L6: Changan C673 FSAB RH | M6: AB.22AS084R | N6: 00000000 | O6: 20260806 | P6: 即将变更 | Q6: 0 | R6: 0 | S6: 0 | V6: 0 | X6: =Q6-R6-S6-T6-U6-V6-W6 -> 0 | Y6: 1300 | Z6: 0 | AA6: =Y6-Z6-Q6 -> 1300 | AB6: =VLOOKUP(L6,[1]缝纫33周!$F:$P,11,FALSE) -> 1300 | AC6: =AA6-AB6 -> 0 | AD6: 0 | AE6: 150 | AF6: 400 | AG6: 400 | AH6: 350 | AI6: 400 | AJ6: 200 | AK6: 250 | AL6: 200 | AM6: 0 | AN6: 500 | AO6: 650 | AP6: 600 | AQ6: 650 | AR6: 650 | AS6: 650 | AT6: 700 | AU6: 200 | AV6: 500 | AW6: 350 | AX6: 300 | AY6: 400 | AZ6: 400 | BA6: 400 | BB6: 400 | BC6: 0 | BD6: 350 | BE6: 400 | BF6: 0 | BG6: 0 | BH6: 0 | BI6: 0 | BJ6: 0 | BK6: 0
A7: 保定奥托立夫 | B7: 8000003689 | C7: 223P015A.GWM P3011-2 PAB A状态 | D7: 四课 | E7: S6303 | F7: 0 | G7: 3周 | H7: 0 | I7: PAB | J7: 13 | K7: 0 | L7: GWM P3011-2 PAB A状态 | M7: AB.223P015A | N7: 00000000 | O7: 20260806 | P7: 真空480 | Q7: 1660 | R7: 0 | S7: 0 | V7: 0 | X7: =Q7-R7-S7-T7-U7-V7-W7 -> 1660 | Y7: 2400 | Z7: 3360 | AA7: =Y7-Z7-Q7 -> -2620 | AB7: =VLOOKUP(L7,[1]缝纫33周!$F:$P,11,FALSE) -> 950 | AC7: =AA7-AB7 -> -3570 | AD7: 2400 | AE7: 2400 | AF7: 2880 | AG7: 2400 | AH7: 2880 | AI7: 1440 | AJ7: 1920 | AK7: 1440 | AL7: 1920 | AM7: 1440 | AN7: 1920 | AO7: 2400 | AP7: 1920 | AQ7: 1920 | AR7: 1920 | AS7: 2400 | AT7: 2400 | AU7: 1920 | AV7: 1920 | AW7: 2400 | AX7: 1920 | AY7: 1920 | AZ7: 0 | BA7: 480 | BB7: 480 | BC7: 0 | BD7: 0 | BE7: 0 | BF7: 0 | BG7: 0 | BH7: 0 | BI7: 0 | BJ7: 0 | BK7: 0
A8: 保定奥托立夫 | B8: 8000004329 | C8: 242S015AR.GWM P01-2 SAB RH A状态 | D8: 一课 | E8: S2401 | F8: 0 | G8: 2周 | H8: 0 | I8: SAB | J8: 13 | K8: 0 | L8: GWM P01-2 SAB RH A状态 | M8: AB.242S015AR | N8: 00000000 | O8: 20260806 | P8: 真空1200 | Q8: 420 | R8: 1200 | S8: 0 | V8: 0 | X8: =Q8-R8-S8-T8-U8-V8-W8 -> -780 | Y8: 2400 | Z8: 1200 | AA8: =Y8-Z8-Q8 -> 780 | AB8: =VLOOKUP(L8,[1]缝纫33周!$F:$P,11,FALSE) -> 2850 | AC8: =AA8-AB8 -> -2070 | AD8: 2400 | AE8: 1200 | AF8: 1200 | AG8: 1200 | AH8: 2400 | AI8: 1200 | AJ8: 1200 | AK8: 1200 | AL8: 1200 | AM8: 2400 | AN8: 1200 | AO8: 1200 | AP8: 1200 | AQ8: 1200 | AR8: 1200 | AS8: 1200 | AT8: 1200 | AU8: 1200 | AV8: 1200 | AW8: 1200 | AX8: 1200 | AY8: 1200 | AZ8: 1200 | BA8: 1200 | BB8: 1200 | BC8: 0 | BD8: 0 | BE8: 0 | BF8: 0 | BG8: 0 | BH8: 0 | BI8: 0 | BJ8: 0 | BK8: 0
A9: 保定奥托立夫 | B9: 8000004581 | C9: 243S024CL.MX11 FSAB LH C状态 | D9: 二课 | E9: S0102/S5172/ | F9: 0 | G9: 2周 | H9: 0 | I9: SAB | J9: 13 | K9: 0 | L9: MX11 FSAB LH C状态 | M9: AB.243S024CL | N9: 00000000 | O9: 20260806 | P9: 真空1000 | Q9: 10750 | R9: 0 | S9: 0 | V9: 0 | X9: =Q9-R9-S9-T9-U9-V9-W9 -> 10750 | Y9: 4000 | Z9: 0 | AA9: =Y9-Z9-Q9 -> -6750 | AB9: =VLOOKUP(L9,[1]缝纫33周!$F:$P,11,FALSE) -> 3400 | AC9: =AA9-AB9 -> -10150 | AD9: 4000 | AE9: 4000 | AF9: 4000 | AG9: 3000 | AH9: 2000 | AI9: 1000 | AJ9: 1000 | AK9: 3000 | AL9: 2000 | AM9: 3000 | AN9: 2000 | AO9: 1000 | AP9: 7000 | AQ9: 8000 | AR9: 8000 | AS9: 8000 | AT9: 8000 | AU9: 8000 | AV9: 8000 | AW9: 0 | AX9: 6000 | AY9: 7000 | AZ9: 6000 | BA9: 7000 | BB9: 6000 | BC9: 0 | BD9: 6000 | BE9: 7000 | BF9: 0 | BG9: 0 | BH9: 0 | BI9: 0 | BJ9: 0 | BK9: 0
A10: 保定奥托立夫 | B10: 8000005124 | C10: 25AF036A.C06 FCA A状态 | D10: 三课 | E10: S3203 | F10: 0 | G10: 2周 | H10: 0 | I10: FCA | J10: 13 | K10: 0 | L10: C06 FCA A状态 | M10: AB.25AF036A | N10: 00000000 | O10: 20260806 | Q10: 5490 | R10: 1200 | S10: 0 | V10: 0 | X10: =Q10-R10-S10-T10-U10-V10-W10 -> 4290 | Y10: 2400 | Z10: 600 | AA10: =Y10-Z10-Q10 -> -3690 | AB10: =VLOOKUP(L10,[1]缝纫33周!$F:$P,11,FALSE) -> 1050 | AC10: =AA10-AB10 -> -4740 | AD10: 2400 | AE10: 2400 | AF10: 3000 | AG10: 3000 | AH10: 3000 | AI10: 2400 | AJ10: 1800 | AK10: 1800 | AL10: 1800 | AM10: 1800 | AN10: 1800 | AO10: 1800 | AP10: 1200 | AQ10: 1800 | AR10: 1800 | AS10: 1800 | AT10: 1800 | AU10: 1800 | AV10: 1200 | AW10: 1200 | AX10: 1800 | AY10: 1200 | AZ10: 1800 | BA10: 1800 | BB10: 1200 | BC10: 0 | BD10: 1800 | BE10: 1800 | BF10: 0 | BG10: 0 | BH10: 0 | BI10: 0 | BJ10: 0 | BK10: 0
A11: 延锋智能 | B11: 8000003776 | C11: 235D024.SAIC ZP22 DAB | D11: 三课 | E11: S3611 | F11: 0 | G11: 2周 | H11: D等通知 | I11: DAB | J11: 27 | K11: 0 | L11: SAIC ZP22 DAB | M11: AB.235D024 | N11: 00000000 | O11: 20260806 | Q11: 8900 | R11: 0 | S11: 0 | V11: 2400 | W11: 800 | X11: =Q11-R11-S11-T11-U11-V11-W11 -> 5700 | Y11: 8800 | Z11: 8800 | AA11: =Y11-Z11-Q11 -> -8900 | AB11: =VLOOKUP(L11,[1]缝纫33周!$F:$P,11,FALSE) -> 7200 | AC11: =AA11-AB11 -> -16100 | AD11: 12050 | AE11: 12500 | AF11: 13500 | AG11: 12450 | AH11: 11900 | AI11: 11450 | AJ11: 11700 | AK11: 12050 | AL11: 12250 | AM11: 22300 | AN11: 12100 | AO11: 12100 | AP11: 12850 | AQ11: 6250 | AR11: 16500 | AS11: 11550 | AT11: 11700 | AU11: 10100 | AV11: 10100 | AW11: 10100 | AX11: 10100 | AY11: 10100 | AZ11: 10100 | BA11: 0 | BB11: 0 | BC11: 0 | BD11: 0 | BE11: 0 | BF11: 0 | BG11: 0 | BH11: 0 | BI11: 0 | BJ11: 0 | BK11: 0
A12: 延锋智能 | B12: 8000004224 | C12: 248C028L.GEELY E245 CAB LH | D12: 三课 | E12: ZS3104/S3107 | F12: 0 | G12: 0 | H12: 0 | I12: CAB | J12: 27 | K12: 0 | L12: GEELY E245 CAB LH | M12: AB.248C028L | N12: 00000000 | O12: 20260806 | Q12: 1860 | R12: 0 | S12: 0 | V12: 480 | W12: 480 | X12: =Q12-R12-S12-T12-U12-V12-W12 -> 900 | Y12: 2880 | Z12: 2880 | AA12: =Y12-Z12-Q12 -> -1860 | AB12: =VLOOKUP(L12,[1]缝纫33周!$F:$P,11,FALSE) -> 840 | AC12: =AA12-AB12 -> -2700 | AD12: 2010 | AE12: 2010 | AF12: 2190 | AG12: 2010 | AH12: 2010 | AI12: 2010 | AJ12: 2010 | AK12: 2010 | AL12: 2010 | AM12: 2010 | AN12: 2010 | AO12: 2010 | AP12: 2010 | AQ12: 2010 | AR12: 2010 | AS12: 2010 | AT12: 2010 | AU12: 2010 | AV12: 2010 | AW12: 2010 | AX12: 2010 | AY12: 2010 | AZ12: 2010 | BA12: 0 | BB12: 0 | BC12: 0 | BD12: 0 | BE12: 0 | BF12: 0 | BG12: 0 | BH12: 0 | BI12: 0 | BJ12: 0 | BK12: 0
A13: 延锋智能 | B13: 8000004225 | C13: 248C028R.GEELY E245 CAB RH | D13: 三课 | E13: ZS3107/S3104/S3107 | F13: 0 | G13: 0 | H13: 0 | I13: CAB | J13: 27 | K13: 0 | L13: GEELY E245 CAB RH | M13: AB.248C028R | N13: 00000000 | O13: 20260806 | Q13: 1860 | R13: 0 | S13: 0 | V13: 480 | W13: 480 | X13: =Q13-R13-S13-T13-U13-V13-W13 -> 900 | Y13: 2880 | Z13: 2880 | AA13: =Y13-Z13-Q13 -> -1860 | AB13: =VLOOKUP(L13,[1]缝纫33周!$F:$P,11,FALSE) -> 860 | AC13: =AA13-AB13 -> -2720 | AD13: 2010 | AE13: 2010 | AF13: 2190 | AG13: 2010 | AH13: 2010 | AI13: 2010 | AJ13: 2010 | AK13: 2010 | AL13: 2010 | AM13: 2010 | AN13: 2010 | AO13: 2010 | AP13: 2010 | AQ13: 2010 | AR13: 2010 | AS13: 2010 | AT13: 2010 | AU13: 2010 | AV13: 2010 | AW13: 2010 | AX13: 2010 | AY13: 2010 | AZ13: 2010 | BA13: 0 | BB13: 0 | BC13: 0 | BD13: 0 | BE13: 0 | BF13: 0 | BG13: 0 | BH13: 0 | BI13: 0 | BJ13: 0 | BK13: 0
